"Date","Repetition","Iterative or Recursive","Opacitor 1","Opacitor 2","array","outputFile","seed","Array Length"
"2019-01-26T15:47:18.929","0","IterativeBubbleSort","2.374664502321662","2.374664502321662","[8, 2, 1, 2, 1, 9, 9, 4, 5, 2]","1255051679","10"
"2019-01-26T15:47:21.012","1","IterativeBubbleSort","2.374664502321662","2.374664502321662","[8, 2, 1, 2, 1, 9, 9, 4, 5, 2]","1255051679","10"
"2019-01-26T15:47:22.905","2","IterativeBubbleSort","2.374664502321662","2.374664502321662","[8, 2, 1, 2, 1, 9, 9, 4, 5, 2]","1255051679","10"
"2019-01-26T15:47:24.810","3","IterativeBubbleSort","2.374664502321662","2.374664502321662","[8, 2, 1, 2, 1, 9, 9, 4, 5, 2]","1255051679","10"
"2019-01-26T15:47:26.808","4","IterativeBubbleSort","2.374664502321662","2.374664502321662","[8, 2, 1, 2, 1, 9, 9, 4, 5, 2]","1255051679","10"
"2019-01-26T15:47:28.659","5","IterativeBubbleSort","2.374664502321662","2.374664502321662","[8, 2, 1, 2, 1, 9, 9, 4, 5, 2]","1255051679","10"
"2019-01-26T15:47:30.486","6","IterativeBubbleSort","2.374664502321662","2.374664502321662","[8, 2, 1, 2, 1, 9, 9, 4, 5, 2]","1255051679","10"
"2019-01-26T15:47:32.423","7","IterativeBubbleSort","2.374664502321662","2.374664502321662","[8, 2, 1, 2, 1, 9, 9, 4, 5, 2]","1255051679","10"
"2019-01-26T15:47:34.339","8","IterativeBubbleSort","2.374664502321662","2.374664502321662","[8, 2, 1, 2, 1, 9, 9, 4, 5, 2]","1255051679","10"
"2019-01-26T15:47:36.414","9","IterativeBubbleSort","2.374664502321662","2.374664502321662","[8, 2, 1, 2, 1, 9, 9, 4, 5, 2]","1255051679","10"
"2019-01-26T15:47:38.419","10","IterativeBubbleSort","2.374664502321662","2.374664502321662","[8, 2, 1, 2, 1, 9, 9, 4, 5, 2]","1255051679","10"
"2019-01-26T15:47:40.361","11","IterativeBubbleSort","2.374664502321662","2.374664502321662","[8, 2, 1, 2, 1, 9, 9, 4, 5, 2]","1255051679","10"
"2019-01-26T15:47:42.556","12","IterativeBubbleSort","2.374664502321662","2.374664502321662","[8, 2, 1, 2, 1, 9, 9, 4, 5, 2]","1255051679","10"
"2019-01-26T15:47:44.492","13","IterativeBubbleSort","2.374664502321662","2.374664502321662","[8, 2, 1, 2, 1, 9, 9, 4, 5, 2]","1255051679","10"
"2019-01-26T15:47:46.369","14","IterativeBubbleSort","2.374664502321662","2.374664502321662","[8, 2, 1, 2, 1, 9, 9, 4, 5, 2]","1255051679","10"
"2019-01-26T15:47:48.692","15","IterativeBubbleSort","2.374664502321662","2.374664502321662","[8, 2, 1, 2, 1, 9, 9, 4, 5, 2]","1255051679","10"
"2019-01-26T15:47:50.557","16","IterativeBubbleSort","2.374664502321662","2.374664502321662","[8, 2, 1, 2, 1, 9, 9, 4, 5, 2]","1255051679","10"
"2019-01-26T15:47:52.377","17","IterativeBubbleSort","2.374664502321662","2.374664502321662","[8, 2, 1, 2, 1, 9, 9, 4, 5, 2]","1255051679","10"
"2019-01-26T15:47:54.218","18","IterativeBubbleSort","2.374664502321662","2.374664502321662","[8, 2, 1, 2, 1, 9, 9, 4, 5, 2]","1255051679","10"
"2019-01-26T15:47:56.113","19","IterativeBubbleSort","2.374664502321662","2.374663947855216","[8, 2, 1, 2, 1, 9, 9, 4, 5, 2]","1255051679","10"
"2019-01-26T15:47:57.902","20","IterativeBubbleSort","2.374664502321662","2.374664502321662","[8, 2, 1, 2, 1, 9, 9, 4, 5, 2]","1255051679","10"
"2019-01-26T15:47:59.791","21","IterativeBubbleSort","2.374664502321662","2.374664502321662","[8, 2, 1, 2, 1, 9, 9, 4, 5, 2]","1255051679","10"
"2019-01-26T15:48:01.696","22","IterativeBubbleSort","2.374664502321662","2.374664502321662","[8, 2, 1, 2, 1, 9, 9, 4, 5, 2]","1255051679","10"
"2019-01-26T15:48:03.547","23","IterativeBubbleSort","2.374664502321662","2.3746638964392597","[8, 2, 1, 2, 1, 9, 9, 4, 5, 2]","1255051679","10"
"2019-01-26T15:48:05.335","24","IterativeBubbleSort","2.374664502321662","2.374664502321662","[8, 2, 1, 2, 1, 9, 9, 4, 5, 2]","1255051679","10"
"2019-01-26T15:48:07.139","25","IterativeBubbleSort","2.374664502321662","2.374664502321662","[8, 2, 1, 2, 1, 9, 9, 4, 5, 2]","1255051679","10"
"2019-01-26T15:48:08.924","26","IterativeBubbleSort","2.374664502321662","2.374664502321662","[8, 2, 1, 2, 1, 9, 9, 4, 5, 2]","1255051679","10"
"2019-01-26T15:48:11.014","27","IterativeBubbleSort","2.374664502321662","2.374664502321662","[8, 2, 1, 2, 1, 9, 9, 4, 5, 2]","1255051679","10"
"2019-01-26T15:48:12.918","28","IterativeBubbleSort","2.374664502321662","2.374664502321662","[8, 2, 1, 2, 1, 9, 9, 4, 5, 2]","1255051679","10"
"2019-01-26T15:48:15.117","29","IterativeBubbleSort","2.3746565697644293","2.374664502321662","[8, 2, 1, 2, 1, 9, 9, 4, 5, 2]","1255051679","10"
"2019-01-26T17:29:55.573","0","IterativeBubbleSort","2.267710344084086","2.267710344084086","[9, 0, 9, 3, 1, 5, 3, 5, 8, 0]","1960247001","10"
"2019-01-26T17:29:57.562","1","IterativeBubbleSort","2.2677029459499183","2.267710344084086","[9, 0, 9, 3, 1, 5, 3, 5, 8, 0]","1960247001","10"
"2019-01-26T17:29:59.499","2","IterativeBubbleSort","2.267710344084086","2.267710344084086","[9, 0, 9, 3, 1, 5, 3, 5, 8, 0]","1960247001","10"
"2019-01-26T17:30:01.306","3","IterativeBubbleSort","2.267710344084086","2.267710344084086","[9, 0, 9, 3, 1, 5, 3, 5, 8, 0]","1960247001","10"
"2019-01-26T17:30:03.273","4","IterativeBubbleSort","2.267710344084086","2.267710344084086","[9, 0, 9, 3, 1, 5, 3, 5, 8, 0]","1960247001","10"
"2019-01-26T17:30:05.243","5","IterativeBubbleSort","2.267710344084086","2.267710344084086","[9, 0, 9, 3, 1, 5, 3, 5, 8, 0]","1960247001","10"
"2019-01-26T17:30:07.080","6","IterativeBubbleSort","2.267710344084086","2.2677092716221168","[9, 0, 9, 3, 1, 5, 3, 5, 8, 0]","1960247001","10"
"2019-01-26T17:30:08.998","7","IterativeBubbleSort","2.267710344084086","2.267710344084086","[9, 0, 9, 3, 1, 5, 3, 5, 8, 0]","1960247001","10"
"2019-01-26T17:30:10.771","8","IterativeBubbleSort","2.267710344084086","2.267710344084086","[9, 0, 9, 3, 1, 5, 3, 5, 8, 0]","1960247001","10"
"2019-01-26T17:30:12.692","9","IterativeBubbleSort","2.267710344084086","2.267710344084086","[9, 0, 9, 3, 1, 5, 3, 5, 8, 0]","1960247001","10"
"2019-01-26T17:30:14.528","10","IterativeBubbleSort","2.267710344084086","2.267710344084086","[9, 0, 9, 3, 1, 5, 3, 5, 8, 0]","1960247001","10"
"2019-01-26T17:30:16.348","11","IterativeBubbleSort","2.267710344084086","2.267710344084086","[9, 0, 9, 3, 1, 5, 3, 5, 8, 0]","1960247001","10"
"2019-01-26T17:30:18.152","12","IterativeBubbleSort","2.267710344084086","2.267710344084086","[9, 0, 9, 3, 1, 5, 3, 5, 8, 0]","1960247001","10"
"2019-01-26T17:30:20.106","13","IterativeBubbleSort","2.267710344084086","2.267710344084086","[9, 0, 9, 3, 1, 5, 3, 5, 8, 0]","1960247001","10"
"2019-01-26T17:30:22.095","14","IterativeBubbleSort","2.267696254190478","2.267710344084086","[9, 0, 9, 3, 1, 5, 3, 5, 8, 0]","1960247001","10"
"2019-01-26T17:30:24.147","15","IterativeBubbleSort","2.267710344084086","2.267710344084086","[9, 0, 9, 3, 1, 5, 3, 5, 8, 0]","1960247001","10"
"2019-01-26T17:30:27.448","16","IterativeBubbleSort","2.2677086821659587","2.267710344084086","[9, 0, 9, 3, 1, 5, 3, 5, 8, 0]","1960247001","10"
"2019-01-26T17:30:29.684","17","IterativeBubbleSort","2.267710344084086","2.267710344084086","[9, 0, 9, 3, 1, 5, 3, 5, 8, 0]","1960247001","10"
"2019-01-26T17:30:31.930","18","IterativeBubbleSort","2.2677076097039897","2.267710344084086","[9, 0, 9, 3, 1, 5, 3, 5, 8, 0]","1960247001","10"
"2019-01-26T17:30:34.136","19","IterativeBubbleSort","2.267710344084086","2.267710344084086","[9, 0, 9, 3, 1, 5, 3, 5, 8, 0]","1960247001","10"
"2019-01-26T17:30:36.109","20","IterativeBubbleSort","2.267710344084086","2.267710344084086","[9, 0, 9, 3, 1, 5, 3, 5, 8, 0]","1960247001","10"
"2019-01-26T17:30:38.129","21","IterativeBubbleSort","2.267710344084086","2.267710344084086","[9, 0, 9, 3, 1, 5, 3, 5, 8, 0]","1960247001","10"
"2019-01-26T17:30:40.034","22","IterativeBubbleSort","2.267710344084086","2.267710344084086","[9, 0, 9, 3, 1, 5, 3, 5, 8, 0]","1960247001","10"
"2019-01-26T17:30:42.472","23","IterativeBubbleSort","2.267710344084086","2.267710344084086","[9, 0, 9, 3, 1, 5, 3, 5, 8, 0]","1960247001","10"
"2019-01-26T17:30:44.630","24","IterativeBubbleSort","2.267710344084086","2.267710344084086","[9, 0, 9, 3, 1, 5, 3, 5, 8, 0]","1960247001","10"
"2019-01-26T17:30:47.318","25","IterativeBubbleSort","2.267710344084086","2.2677051278534215","[9, 0, 9, 3, 1, 5, 3, 5, 8, 0]","1960247001","10"
"2019-01-26T17:30:49.160","26","IterativeBubbleSort","2.267710344084086","2.267710344084086","[9, 0, 9, 3, 1, 5, 3, 5, 8, 0]","1960247001","10"
"2019-01-26T17:30:51.316","27","IterativeBubbleSort","2.2677076097039897","2.267710344084086","[9, 0, 9, 3, 1, 5, 3, 5, 8, 0]","1960247001","10"
"2019-01-26T17:30:53.352","28","IterativeBubbleSort","2.267709738201684","2.267710344084086","[9, 0, 9, 3, 1, 5, 3, 5, 8, 0]","1960247001","10"
"2019-01-26T17:30:55.442","29","IterativeBubbleSort","2.267710344084086","2.267710344084086","[9, 0, 9, 3, 1, 5, 3, 5, 8, 0]","1960247001","10"
"2019-01-26T17:31:48.123","0","IterativeBubbleSort","1.5660857802973016","1.5660857802973016","[8, 6, 8, 9, 8, 0, 7, 1, 8, 8]","941382597","10"
"2019-01-26T17:31:49.911","1","IterativeBubbleSort","1.5660857802973016","1.5660857802973016","[8, 6, 8, 9, 8, 0, 7, 1, 8, 8]","941382597","10"
"2019-01-26T17:31:51.863","2","IterativeBubbleSort","1.5660857802973016","1.5660857802973016","[8, 6, 8, 9, 8, 0, 7, 1, 8, 8]","941382597","10"
"2019-01-26T17:31:53.498","3","IterativeBubbleSort","1.5660857802973016","1.5660857802973016","[8, 6, 8, 9, 8, 0, 7, 1, 8, 8]","941382597","10"
"2019-01-26T17:31:55.087","4","IterativeBubbleSort","1.5660857802973016","1.5660857802973016","[8, 6, 8, 9, 8, 0, 7, 1, 8, 8]","941382597","10"
"2019-01-26T17:31:56.722","5","IterativeBubbleSort","1.5660857802973016","1.5660857802973016","[8, 6, 8, 9, 8, 0, 7, 1, 8, 8]","941382597","10"
"2019-01-26T17:31:58.279","6","IterativeBubbleSort","1.5660857802973016","1.5660857802973016","[8, 6, 8, 9, 8, 0, 7, 1, 8, 8]","941382597","10"
"2019-01-26T17:31:59.867","7","IterativeBubbleSort","1.5660857802973016","1.5660857802973016","[8, 6, 8, 9, 8, 0, 7, 1, 8, 8]","941382597","10"
"2019-01-26T17:32:01.508","8","IterativeBubbleSort","1.5660857802973016","1.5660857802973016","[8, 6, 8, 9, 8, 0, 7, 1, 8, 8]","941382597","10"
"2019-01-26T17:32:03.333","9","IterativeBubbleSort","1.5660857802973016","1.5660857802973016","[8, 6, 8, 9, 8, 0, 7, 1, 8, 8]","941382597","10"
"2019-01-26T17:32:05.098","10","IterativeBubbleSort","1.5660857802973016","1.5660857802973016","[8, 6, 8, 9, 8, 0, 7, 1, 8, 8]","941382597","10"
"2019-01-26T17:32:06.886","11","IterativeBubbleSort","1.5660857802973016","1.5660857802973016","[8, 6, 8, 9, 8, 0, 7, 1, 8, 8]","941382597","10"
"2019-01-26T17:32:09.320","12","IterativeBubbleSort","1.5660857802973016","1.5660857802973016","[8, 6, 8, 9, 8, 0, 7, 1, 8, 8]","941382597","10"
"2019-01-26T17:32:12.905","13","IterativeBubbleSort","1.5660857802973016","1.5660836517996073","[8, 6, 8, 9, 8, 0, 7, 1, 8, 8]","941382597","10"
"2019-01-26T17:32:16.203","14","IterativeBubbleSort","1.5660857802973016","1.5660857802973016","[8, 6, 8, 9, 8, 0, 7, 1, 8, 8]","941382597","10"
"2019-01-26T17:32:18.060","15","IterativeBubbleSort","1.5660857802973016","1.5660857802973016","[8, 6, 8, 9, 8, 0, 7, 1, 8, 8]","941382597","10"
"2019-01-26T17:32:19.695","16","IterativeBubbleSort","1.5660857802973016","1.5660857802973016","[8, 6, 8, 9, 8, 0, 7, 1, 8, 8]","941382597","10"
"2019-01-26T17:32:22.144","17","IterativeBubbleSort","1.5660857802973016","1.5660857802973016","[8, 6, 8, 9, 8, 0, 7, 1, 8, 8]","941382597","10"
"2019-01-26T17:32:24.366","18","IterativeBubbleSort","1.5660857802973016","1.5660857802973016","[8, 6, 8, 9, 8, 0, 7, 1, 8, 8]","941382597","10"
"2019-01-26T17:32:26.070","19","IterativeBubbleSort","1.5660851744148994","1.5660857802973016","[8, 6, 8, 9, 8, 0, 7, 1, 8, 8]","941382597","10"
"2019-01-26T17:32:28.301","20","IterativeBubbleSort","1.5660857802973016","1.5660857802973016","[8, 6, 8, 9, 8, 0, 7, 1, 8, 8]","941382597","10"
"2019-01-26T17:32:30.190","21","IterativeBubbleSort","1.5660835977630918","1.5660857802973016","[8, 6, 8, 9, 8, 0, 7, 1, 8, 8]","941382597","10"
"2019-01-26T17:32:32.011","22","IterativeBubbleSort","1.5660857802973016","1.5660857802973016","[8, 6, 8, 9, 8, 0, 7, 1, 8, 8]","941382597","10"
"2019-01-26T17:32:34.070","23","IterativeBubbleSort","1.5660857802973016","1.5660857802973016","[8, 6, 8, 9, 8, 0, 7, 1, 8, 8]","941382597","10"
"2019-01-26T17:32:36.107","24","IterativeBubbleSort","1.5660857802973016","1.5660851744148994","[8, 6, 8, 9, 8, 0, 7, 1, 8, 8]","941382597","10"
"2019-01-26T17:32:37.962","25","IterativeBubbleSort","1.5660857802973016","1.5660857802973016","[8, 6, 8, 9, 8, 0, 7, 1, 8, 8]","941382597","10"
"2019-01-26T17:32:40.476","26","IterativeBubbleSort","1.5660857802973016","1.5660857802973016","[8, 6, 8, 9, 8, 0, 7, 1, 8, 8]","941382597","10"
"2019-01-26T17:32:42.364","27","IterativeBubbleSort","1.5660857802973016","1.5660857802973016","[8, 6, 8, 9, 8, 0, 7, 1, 8, 8]","941382597","10"
"2019-01-26T17:32:44.738","28","IterativeBubbleSort","1.5660784536224717","1.5660857802973016","[8, 6, 8, 9, 8, 0, 7, 1, 8, 8]","941382597","10"
"2019-01-26T17:32:46.570","29","IterativeBubbleSort","1.5660857802973016","1.5660857802973016","[8, 6, 8, 9, 8, 0, 7, 1, 8, 8]","941382597","10"
"2019-01-26T17:34:31.318","0","IterativeBubbleSort","1.5466745631279903","1.5466808173408508","[5, 2, 6, 9, 1, 5, 4, 4, 8, 3]","-706535219","10"
"2019-01-26T17:34:33.001","1","IterativeBubbleSort","1.5466808173408508","1.5466808173408508","[5, 2, 6, 9, 1, 5, 4, 4, 8, 3]","-706535219","10"
"2019-01-26T17:34:34.851","2","IterativeBubbleSort","1.5466808173408508","1.5466808173408508","[5, 2, 6, 9, 1, 5, 4, 4, 8, 3]","-706535219","10"
"2019-01-26T17:34:36.455","3","IterativeBubbleSort","1.5466808173408508","1.5466808173408508","[5, 2, 6, 9, 1, 5, 4, 4, 8, 3]","-706535219","10"
"2019-01-26T17:34:38.044","4","IterativeBubbleSort","1.5466808173408508","1.5466808173408508","[5, 2, 6, 9, 1, 5, 4, 4, 8, 3]","-706535219","10"
"2019-01-26T17:34:39.901","5","IterativeBubbleSort","1.5466808173408508","1.5466808173408508","[5, 2, 6, 9, 1, 5, 4, 4, 8, 3]","-706535219","10"
"2019-01-26T17:34:42.482","6","IterativeBubbleSort","1.5466808173408508","1.5466808173408508","[5, 2, 6, 9, 1, 5, 4, 4, 8, 3]","-706535219","10"
"2019-01-26T17:34:45.901","7","IterativeBubbleSort","1.5466808173408508","1.5466808173408508","[5, 2, 6, 9, 1, 5, 4, 4, 8, 3]","-706535219","10"
"2019-01-26T17:34:48.998","8","IterativeBubbleSort","1.5466808173408508","1.5466808173408508","[5, 2, 6, 9, 1, 5, 4, 4, 8, 3]","-706535219","10"
"2019-01-26T17:34:50.718","9","IterativeBubbleSort","1.5466808173408508","1.5466808173408508","[5, 2, 6, 9, 1, 5, 4, 4, 8, 3]","-706535219","10"
"2019-01-26T17:34:52.322","10","IterativeBubbleSort","1.5466808173408508","1.5466808173408508","[5, 2, 6, 9, 1, 5, 4, 4, 8, 3]","-706535219","10"
"2019-01-26T17:34:53.894","11","IterativeBubbleSort","1.5466808173408508","1.5466808173408508","[5, 2, 6, 9, 1, 5, 4, 4, 8, 3]","-706535219","10"
"2019-01-26T17:34:55.467","12","IterativeBubbleSort","1.5466808173408508","1.5466808173408508","[5, 2, 6, 9, 1, 5, 4, 4, 8, 3]","-706535219","10"
"2019-01-26T17:34:57.071","13","IterativeBubbleSort","1.5466808173408508","1.5466808173408508","[5, 2, 6, 9, 1, 5, 4, 4, 8, 3]","-706535219","10"
"2019-01-26T17:34:58.738","14","IterativeBubbleSort","1.5466808173408508","1.5466808173408508","[5, 2, 6, 9, 1, 5, 4, 4, 8, 3]","-706535219","10"
"2019-01-26T17:35:00.296","15","IterativeBubbleSort","1.5466808173408508","1.5466808173408508","[5, 2, 6, 9, 1, 5, 4, 4, 8, 3]","-706535219","10"
"2019-01-26T17:35:01.931","16","IterativeBubbleSort","1.5466808173408508","1.5466808173408508","[5, 2, 6, 9, 1, 5, 4, 4, 8, 3]","-706535219","10"
"2019-01-26T17:35:03.466","17","IterativeBubbleSort","1.5466808173408508","1.5466808173408508","[5, 2, 6, 9, 1, 5, 4, 4, 8, 3]","-706535219","10"
"2019-01-26T17:35:05.071","18","IterativeBubbleSort","1.5466808173408508","1.5466808173408508","[5, 2, 6, 9, 1, 5, 4, 4, 8, 3]","-706535219","10"
"2019-01-26T17:35:06.612","19","IterativeBubbleSort","1.5466808173408508","1.5466808173408508","[5, 2, 6, 9, 1, 5, 4, 4, 8, 3]","-706535219","10"
"2019-01-26T17:35:08.517","20","IterativeBubbleSort","1.546678649840486","1.5466808173408508","[5, 2, 6, 9, 1, 5, 4, 4, 8, 3]","-706535219","10"
"2019-01-26T17:35:10.122","21","IterativeBubbleSort","1.5466808173408508","1.5466808173408508","[5, 2, 6, 9, 1, 5, 4, 4, 8, 3]","-706535219","10"
"2019-01-26T17:35:11.788","22","IterativeBubbleSort","1.5466808173408508","1.5466808173408508","[5, 2, 6, 9, 1, 5, 4, 4, 8, 3]","-706535219","10"
"2019-01-26T17:35:13.461","23","IterativeBubbleSort","1.5466808173408508","1.5466808173408508","[5, 2, 6, 9, 1, 5, 4, 4, 8, 3]","-706535219","10"
"2019-01-26T17:35:15.049","24","IterativeBubbleSort","1.5466808173408508","1.5466808173408508","[5, 2, 6, 9, 1, 5, 4, 4, 8, 3]","-706535219","10"
"2019-01-26T17:35:16.653","25","IterativeBubbleSort","1.5466808173408508","1.5466808173408508","[5, 2, 6, 9, 1, 5, 4, 4, 8, 3]","-706535219","10"
"2019-01-26T17:35:18.222","26","IterativeBubbleSort","1.5466808173408508","1.5466808173408508","[5, 2, 6, 9, 1, 5, 4, 4, 8, 3]","-706535219","10"
"2019-01-26T17:35:19.772","27","IterativeBubbleSort","1.5466808173408508","1.5466808173408508","[5, 2, 6, 9, 1, 5, 4, 4, 8, 3]","-706535219","10"
"2019-01-26T17:35:21.361","28","IterativeBubbleSort","1.5466808173408508","1.5466808173408508","[5, 2, 6, 9, 1, 5, 4, 4, 8, 3]","-706535219","10"
"2019-01-26T17:35:22.949","29","IterativeBubbleSort","1.5466808173408508","1.5466808173408508","[5, 2, 6, 9, 1, 5, 4, 4, 8, 3]","-706535219","10"
"2019-01-27T11:16:44.172","0","IterativeBubbleSort","1.5475046727078634","1.5475046727078636","[1, 2, 5, 3, 2, 3, 1, 5, 4, 4]","-1084133737","10"
"2019-01-27T11:16:46.214","1","IterativeBubbleSort","1.5475046727078636","1.547501938327767","[1, 2, 5, 3, 2, 3, 1, 5, 4, 4]","-1084133737","10"
"2019-01-27T11:16:48.177","2","IterativeBubbleSort","1.5475046727078636","1.5475046727078634","[1, 2, 5, 3, 2, 3, 1, 5, 4, 4]","-1084133737","10"
"2019-01-27T11:16:50.689","3","IterativeBubbleSort","1.5475046727078636","1.5475046727078636","[1, 2, 5, 3, 2, 3, 1, 5, 4, 4]","-1084133737","10"
"2019-01-27T11:16:52.561","4","IterativeBubbleSort","1.5475046727078636","1.5475046727078636","[1, 2, 5, 3, 2, 3, 1, 5, 4, 4]","-1084133737","10"
"2019-01-27T11:16:54.342","5","IterativeBubbleSort","1.5475046727078636","1.5475036002458942","[1, 2, 5, 3, 2, 3, 1, 5, 4, 4]","-1084133737","10"
"2019-01-27T11:16:56.080","6","IterativeBubbleSort","1.5475046727078636","1.5475046727078636","[1, 2, 5, 3, 2, 3, 1, 5, 4, 4]","-1084133737","10"
"2019-01-27T11:16:57.844","7","IterativeBubbleSort","1.5475046727078636","1.5475046727078636","[1, 2, 5, 3, 2, 3, 1, 5, 4, 4]","-1084133737","10"
"2019-01-27T11:16:59.492","8","IterativeBubbleSort","1.5475046727078636","1.5475046727078636","[1, 2, 5, 3, 2, 3, 1, 5, 4, 4]","-1084133737","10"
"2019-01-27T11:17:01.356","9","IterativeBubbleSort","1.547501332445365","1.5475046727078636","[1, 2, 5, 3, 2, 3, 1, 5, 4, 4]","-1084133737","10"
"2019-01-27T11:17:03.018","10","IterativeBubbleSort","1.5475046727078636","1.5475046727078636","[1, 2, 5, 3, 2, 3, 1, 5, 4, 4]","-1084133737","10"
"2019-01-27T11:17:04.701","11","IterativeBubbleSort","1.5475046727078636","1.5475046727078636","[1, 2, 5, 3, 2, 3, 1, 5, 4, 4]","-1084133737","10"
"2019-01-27T11:17:06.347","12","IterativeBubbleSort","1.5475046727078636","1.5475046727078636","[1, 2, 5, 3, 2, 3, 1, 5, 4, 4]","-1084133737","10"
"2019-01-27T11:17:08.138","13","IterativeBubbleSort","1.5475046727078636","1.5475046727078636","[1, 2, 5, 3, 2, 3, 1, 5, 4, 4]","-1084133737","10"
"2019-01-27T11:17:09.858","14","IterativeBubbleSort","1.5475046727078636","1.5475046727078636","[1, 2, 5, 3, 2, 3, 1, 5, 4, 4]","-1084133737","10"
"2019-01-27T11:17:11.754","15","IterativeBubbleSort","1.5475046727078636","1.5475046727078636","[1, 2, 5, 3, 2, 3, 1, 5, 4, 4]","-1084133737","10"
"2019-01-27T11:17:13.699","16","IterativeBubbleSort","1.5475046727078636","1.5475046727078636","[1, 2, 5, 3, 2, 3, 1, 5, 4, 4]","-1084133737","10"
"2019-01-27T11:17:15.458","17","IterativeBubbleSort","1.5475046727078636","1.5475046727078636","[1, 2, 5, 3, 2, 3, 1, 5, 4, 4]","-1084133737","10"
"2019-01-27T11:17:17.174","18","IterativeBubbleSort","1.5475046727078634","1.5475046727078636","[1, 2, 5, 3, 2, 3, 1, 5, 4, 4]","-1084133737","10"
"2019-01-27T11:17:18.819","19","IterativeBubbleSort","1.5475046727078636","1.547501884921958","[1, 2, 5, 3, 2, 3, 1, 5, 4, 4]","-1084133737","10"
"2019-01-27T11:17:20.518","20","IterativeBubbleSort","1.5475046727078636","1.5475046727078636","[1, 2, 5, 3, 2, 3, 1, 5, 4, 4]","-1084133737","10"
"2019-01-27T11:17:22.269","21","IterativeBubbleSort","1.5475046727078636","1.5475046727078636","[1, 2, 5, 3, 2, 3, 1, 5, 4, 4]","-1084133737","10"
"2019-01-27T11:17:23.915","22","IterativeBubbleSort","1.5475046727078636","1.5475046727078636","[1, 2, 5, 3, 2, 3, 1, 5, 4, 4]","-1084133737","10"
"2019-01-27T11:17:25.777","23","IterativeBubbleSort","1.5475046727078636","1.5475046727078636","[1, 2, 5, 3, 2, 3, 1, 5, 4, 4]","-1084133737","10"
"2019-01-27T11:17:27.585","24","IterativeBubbleSort","1.5475046727078636","1.5475046727078636","[1, 2, 5, 3, 2, 3, 1, 5, 4, 4]","-1084133737","10"
"2019-01-27T11:17:29.600","25","IterativeBubbleSort","1.5475046727078636","1.5475030107897365","[1, 2, 5, 3, 2, 3, 1, 5, 4, 4]","-1084133737","10"
"2019-01-27T11:17:31.323","26","IterativeBubbleSort","1.5475046727078636","1.5475046727078636","[1, 2, 5, 3, 2, 3, 1, 5, 4, 4]","-1084133737","10"
"2019-01-27T11:17:32.991","27","IterativeBubbleSort","1.5475046727078636","1.5475046727078636","[1, 2, 5, 3, 2, 3, 1, 5, 4, 4]","-1084133737","10"
"2019-01-27T11:17:34.619","28","IterativeBubbleSort","1.5475046727078636","1.5475030288432654","[1, 2, 5, 3, 2, 3, 1, 5, 4, 4]","-1084133737","10"
"2019-01-27T11:17:36.278","29","IterativeBubbleSort","1.5475046727078636","1.5475046727078636","[1, 2, 5, 3, 2, 3, 1, 5, 4, 4]","-1084133737","10"
"2019-01-27T11:19:27.095","0","RecursiveBubbleSort","1.632876879455971","1.632876273573569","[3, 6, 5, 6, 9, 9, 8, 4, 2, 2]","-1244809655","10"
"2019-01-27T11:19:28.796","1","RecursiveBubbleSort","1.632876879455971","1.632876879455971","[3, 6, 5, 6, 9, 9, 8, 4, 2, 2]","-1244809655","10"
"2019-01-27T11:19:30.466","2","RecursiveBubbleSort","1.632876879455971","1.632876879455971","[3, 6, 5, 6, 9, 9, 8, 4, 2, 2]","-1244809655","10"
"2019-01-27T11:19:32.088","3","RecursiveBubbleSort","1.632876879455971","1.6328752011115995","[3, 6, 5, 6, 9, 9, 8, 4, 2, 2]","-1244809655","10"
"2019-01-27T11:19:33.929","4","RecursiveBubbleSort","1.632876879455971","1.632876879455971","[3, 6, 5, 6, 9, 9, 8, 4, 2, 2]","-1244809655","10"
"2019-01-27T11:19:35.683","5","RecursiveBubbleSort","1.632876879455971","1.632876879455971","[3, 6, 5, 6, 9, 9, 8, 4, 2, 2]","-1244809655","10"
"2019-01-27T11:19:37.976","6","RecursiveBubbleSort","1.6328732492173077","1.632876879455971","[3, 6, 5, 6, 9, 9, 8, 4, 2, 2]","-1244809655","10"
"2019-01-27T11:19:39.600","7","RecursiveBubbleSort","1.632876879455971","1.632876879455971","[3, 6, 5, 6, 9, 9, 8, 4, 2, 2]","-1244809655","10"
"2019-01-27T11:19:41.241","8","RecursiveBubbleSort","1.6328733757089688","1.632876879455971","[3, 6, 5, 6, 9, 9, 8, 4, 2, 2]","-1244809655","10"
"2019-01-27T11:19:42.870","9","RecursiveBubbleSort","1.632876879455971","1.632876879455971","[3, 6, 5, 6, 9, 9, 8, 4, 2, 2]","-1244809655","10"
"2019-01-27T11:19:44.509","10","RecursiveBubbleSort","1.632876879455971","1.632876879455971","[3, 6, 5, 6, 9, 9, 8, 4, 2, 2]","-1244809655","10"
"2019-01-27T11:19:46.332","11","RecursiveBubbleSort","1.632876879455971","1.632876879455971","[3, 6, 5, 6, 9, 9, 8, 4, 2, 2]","-1244809655","10"
"2019-01-27T11:19:48.015","12","RecursiveBubbleSort","1.632876879455971","1.632876879455971","[3, 6, 5, 6, 9, 9, 8, 4, 2, 2]","-1244809655","10"
"2019-01-27T11:19:49.672","13","RecursiveBubbleSort","1.632876879455971","1.632876879455971","[3, 6, 5, 6, 9, 9, 8, 4, 2, 2]","-1244809655","10"
"2019-01-27T11:19:51.407","14","RecursiveBubbleSort","1.632876879455971","1.632876879455971","[3, 6, 5, 6, 9, 9, 8, 4, 2, 2]","-1244809655","10"
"2019-01-27T11:19:53.034","15","RecursiveBubbleSort","1.632876879455971","1.632876879455971","[3, 6, 5, 6, 9, 9, 8, 4, 2, 2]","-1244809655","10"
"2019-01-27T11:19:54.726","16","RecursiveBubbleSort","1.632876879455971","1.632876879455971","[3, 6, 5, 6, 9, 9, 8, 4, 2, 2]","-1244809655","10"
"2019-01-27T11:19:56.336","17","RecursiveBubbleSort","1.632876879455971","1.632876879455971","[3, 6, 5, 6, 9, 9, 8, 4, 2, 2]","-1244809655","10"
"2019-01-27T11:19:57.991","18","RecursiveBubbleSort","1.632876879455971","1.632876879455971","[3, 6, 5, 6, 9, 9, 8, 4, 2, 2]","-1244809655","10"
"2019-01-27T11:19:59.842","19","RecursiveBubbleSort","1.632876879455971","1.632876879455971","[3, 6, 5, 6, 9, 9, 8, 4, 2, 2]","-1244809655","10"
"2019-01-27T11:20:01.486","20","RecursiveBubbleSort","1.632876879455971","1.632876879455971","[3, 6, 5, 6, 9, 9, 8, 4, 2, 2]","-1244809655","10"
"2019-01-27T11:20:03.038","21","RecursiveBubbleSort","1.632876879455971","1.632876879455971","[3, 6, 5, 6, 9, 9, 8, 4, 2, 2]","-1244809655","10"
"2019-01-27T11:20:04.707","22","RecursiveBubbleSort","1.632876879455971","1.632876879455971","[3, 6, 5, 6, 9, 9, 8, 4, 2, 2]","-1244809655","10"
"2019-01-27T11:20:06.357","23","RecursiveBubbleSort","1.632876879455971","1.632876879455971","[3, 6, 5, 6, 9, 9, 8, 4, 2, 2]","-1244809655","10"
"2019-01-27T11:20:07.935","24","RecursiveBubbleSort","1.632876879455971","1.632876879455971","[3, 6, 5, 6, 9, 9, 8, 4, 2, 2]","-1244809655","10"
"2019-01-27T11:20:09.519","25","RecursiveBubbleSort","1.632876879455971","1.632876879455971","[3, 6, 5, 6, 9, 9, 8, 4, 2, 2]","-1244809655","10"
"2019-01-27T11:20:11.175","26","RecursiveBubbleSort","1.632876879455971","1.632876879455971","[3, 6, 5, 6, 9, 9, 8, 4, 2, 2]","-1244809655","10"
"2019-01-27T11:20:12.745","27","RecursiveBubbleSort","1.632876879455971","1.632876879455971","[3, 6, 5, 6, 9, 9, 8, 4, 2, 2]","-1244809655","10"
"2019-01-27T11:20:14.356","28","RecursiveBubbleSort","1.632876879455971","1.632876879455971","[3, 6, 5, 6, 9, 9, 8, 4, 2, 2]","-1244809655","10"
"2019-01-27T11:20:16.057","29","RecursiveBubbleSort","1.632876879455971","1.632876879455971","[3, 6, 5, 6, 9, 9, 8, 4, 2, 2]","-1244809655","10"
"2019-01-27T11:53:22.945","0","RecursiveBubbleSort","1.6328581332315364","1.6328532163172302","[8, 5, 0, 7, 9, 4, 9, 5, 2, 1]","-816393600","10"
"2019-01-27T11:53:23.024","1","RecursiveBubbleSort","1.6328575273491341","1.6328581332315364","[8, 5, 0, 7, 9, 4, 9, 5, 2, 1]","-816393600","10"
"2019-01-27T11:53:23.024","2","RecursiveBubbleSort","1.63285539885144","1.632857984318225","[8, 5, 0, 7, 9, 4, 9, 5, 2, 1]","-816393600","10"
"2019-01-27T11:53:23.024","3","RecursiveBubbleSort","1.6328581332315364","1.6328581332315364","[8, 5, 0, 7, 9, 4, 9, 5, 2, 1]","-816393600","10"
"2019-01-27T11:53:23.024","4","RecursiveBubbleSort","1.6328581332315364","1.6328581332315364","[8, 5, 0, 7, 9, 4, 9, 5, 2, 1]","-816393600","10"
"2019-01-27T11:53:23.024","5","RecursiveBubbleSort","1.6328580798257273","1.6328581332315364","[8, 5, 0, 7, 9, 4, 9, 5, 2, 1]","-816393600","10"
"2019-01-27T11:53:23.024","6","RecursiveBubbleSort","1.6328581332315364","1.6328554598778728","[8, 5, 0, 7, 9, 4, 9, 5, 2, 1]","-816393600","10"
"2019-01-27T11:53:23.024","7","RecursiveBubbleSort","1.6328581332315364","1.6328581332315364","[8, 5, 0, 7, 9, 4, 9, 5, 2, 1]","-816393600","10"
"2019-01-27T11:53:23.024","8","RecursiveBubbleSort","1.6328581332315364","1.6328581332315364","[8, 5, 0, 7, 9, 4, 9, 5, 2, 1]","-816393600","10"
"2019-01-27T11:53:23.024","9","RecursiveBubbleSort","1.6328581332315364","1.6328581332315364","[8, 5, 0, 7, 9, 4, 9, 5, 2, 1]","-816393600","10"
"2019-01-27T11:53:23.024","10","RecursiveBubbleSort","1.6328581332315364","1.6328575273491341","[8, 5, 0, 7, 9, 4, 9, 5, 2, 1]","-816393600","10"
"2019-01-27T11:53:23.024","11","RecursiveBubbleSort","1.6328581332315364","1.63285539885144","[8, 5, 0, 7, 9, 4, 9, 5, 2, 1]","-816393600","10"
"2019-01-27T11:53:23.024","12","RecursiveBubbleSort","1.632857473943325","1.6328581332315364","[8, 5, 0, 7, 9, 4, 9, 5, 2, 1]","-816393600","10"
"2019-01-27T11:53:23.039","13","RecursiveBubbleSort","1.6328581332315364","1.6328581332315364","[8, 5, 0, 7, 9, 4, 9, 5, 2, 1]","-816393600","10"
"2019-01-27T11:53:23.039","14","RecursiveBubbleSort","1.6328581332315364","1.6328581332315364","[8, 5, 0, 7, 9, 4, 9, 5, 2, 1]","-816393600","10"
"2019-01-27T11:53:23.039","15","RecursiveBubbleSort","1.63285539885144","1.63285539885144","[8, 5, 0, 7, 9, 4, 9, 5, 2, 1]","-816393600","10"
"2019-01-27T11:53:23.039","16","RecursiveBubbleSort","1.6328581332315364","1.6328581332315364","[8, 5, 0, 7, 9, 4, 9, 5, 2, 1]","-816393600","10"
"2019-01-27T11:53:23.039","17","RecursiveBubbleSort","1.6328581332315364","1.632855192159062","[8, 5, 0, 7, 9, 4, 9, 5, 2, 1]","-816393600","10"
"2019-01-27T11:53:23.039","18","RecursiveBubbleSort","1.6328580798257273","1.6328581332315364","[8, 5, 0, 7, 9, 4, 9, 5, 2, 1]","-816393600","10"
"2019-01-27T11:53:23.039","19","RecursiveBubbleSort","1.6328581332315364","1.6328575273491341","[8, 5, 0, 7, 9, 4, 9, 5, 2, 1]","-816393600","10"
"2019-01-27T11:53:23.039","20","RecursiveBubbleSort","1.632855883484536","1.6328581332315364","[8, 5, 0, 7, 9, 4, 9, 5, 2, 1]","-816393600","10"
"2019-01-27T11:53:23.039","21","RecursiveBubbleSort","1.6328581332315364","1.6328563480755467","[8, 5, 0, 7, 9, 4, 9, 5, 2, 1]","-816393600","10"
"2019-01-27T11:53:23.039","22","RecursiveBubbleSort","1.6328495976769164","1.6328581332315364","[8, 5, 0, 7, 9, 4, 9, 5, 2, 1]","-816393600","10"
"2019-01-27T11:53:23.039","23","RecursiveBubbleSort","1.6328581332315364","1.6328581332315364","[8, 5, 0, 7, 9, 4, 9, 5, 2, 1]","-816393600","10"
"2019-01-27T11:53:23.039","24","RecursiveBubbleSort","1.6328581332315364","1.632857060769567","[8, 5, 0, 7, 9, 4, 9, 5, 2, 1]","-816393600","10"
"2019-01-27T11:53:23.039","25","RecursiveBubbleSort","1.6328581332315364","1.6328581332315364","[8, 5, 0, 7, 9, 4, 9, 5, 2, 1]","-816393600","10"
"2019-01-27T11:53:23.039","26","RecursiveBubbleSort","1.6328581332315364","1.6328581332315364","[8, 5, 0, 7, 9, 4, 9, 5, 2, 1]","-816393600","10"
"2019-01-27T11:53:23.039","27","RecursiveBubbleSort","1.6328580264199184","1.6328553454456307","[8, 5, 0, 7, 9, 4, 9, 5, 2, 1]","-816393600","10"
"2019-01-27T11:53:23.039","28","RecursiveBubbleSort","1.6328581332315364","1.6328581332315364","[8, 5, 0, 7, 9, 4, 9, 5, 2, 1]","-816393600","10"
"2019-01-27T11:53:23.039","29","RecursiveBubbleSort","1.6328581332315364","1.6328581332315364","[8, 5, 0, 7, 9, 4, 9, 5, 2, 1]","-816393600","10"
"2019-01-27T11:55:09.950","0","RecursiveBubbleSort","1.632870452034328","1.6328656838373132","[5, 4, 9, 6, 8, 3, 6, 6, 6, 2]","2012083561","10"
"2019-01-27T11:55:10.043","1","RecursiveBubbleSort","1.6328677176542314","1.632870452034328","[5, 4, 9, 6, 8, 3, 6, 6, 6, 2]","2012083561","10"
"2019-01-27T11:55:10.043","2","RecursiveBubbleSort","1.632868790116201","1.632870452034328","[5, 4, 9, 6, 8, 3, 6, 6, 6, 2]","2012083561","10"
"2019-01-27T11:55:10.043","3","RecursiveBubbleSort","1.632870452034328","1.632870452034328","[5, 4, 9, 6, 8, 3, 6, 6, 6, 2]","2012083561","10"
"2019-01-27T11:55:10.043","4","RecursiveBubbleSort","1.6328641797679386","1.632870452034328","[5, 4, 9, 6, 8, 3, 6, 6, 6, 2]","2012083561","10"
"2019-01-27T11:55:10.043","5","RecursiveBubbleSort","1.6328698461519255","1.6328670049602112","[5, 4, 9, 6, 8, 3, 6, 6, 6, 2]","2012083561","10"
"2019-01-27T11:55:10.043","6","RecursiveBubbleSort","1.632870452034328","1.632870452034328","[5, 4, 9, 6, 8, 3, 6, 6, 6, 2]","2012083561","10"
"2019-01-27T11:55:10.043","7","RecursiveBubbleSort","1.632870452034328","1.632870452034328","[5, 4, 9, 6, 8, 3, 6, 6, 6, 2]","2012083561","10"
"2019-01-27T11:55:10.043","8","RecursiveBubbleSort","1.632870452034328","1.6328698461519255","[5, 4, 9, 6, 8, 3, 6, 6, 6, 2]","2012083561","10"
"2019-01-27T11:55:10.043","9","RecursiveBubbleSort","1.6328703031210166","1.632870452034328","[5, 4, 9, 6, 8, 3, 6, 6, 6, 2]","2012083561","10"
"2019-01-27T11:55:10.043","10","RecursiveBubbleSort","1.632870452034328","1.632870452034328","[5, 4, 9, 6, 8, 3, 6, 6, 6, 2]","2012083561","10"
"2019-01-27T11:55:10.043","11","RecursiveBubbleSort","1.632870452034328","1.6328676642484226","[5, 4, 9, 6, 8, 3, 6, 6, 6, 2]","2012083561","10"
"2019-01-27T11:55:10.043","12","RecursiveBubbleSort","1.632870452034328","1.6328698461519255","[5, 4, 9, 6, 8, 3, 6, 6, 6, 2]","2012083561","10"
"2019-01-27T11:55:10.043","13","RecursiveBubbleSort","1.632870452034328","1.6328630931865435","[5, 4, 9, 6, 8, 3, 6, 6, 6, 2]","2012083561","10"
"2019-01-27T11:55:10.059","14","RecursiveBubbleSort","1.632870452034328","1.632870452034328","[5, 4, 9, 6, 8, 3, 6, 6, 6, 2]","2012083561","10"
"2019-01-27T11:55:10.059","15","RecursiveBubbleSort","1.632870452034328","1.632870452034328","[5, 4, 9, 6, 8, 3, 6, 6, 6, 2]","2012083561","10"
"2019-01-27T11:55:10.059","16","RecursiveBubbleSort","1.632870452034328","1.632870452034328","[5, 4, 9, 6, 8, 3, 6, 6, 6, 2]","2012083561","10"
"2019-01-27T11:55:10.059","17","RecursiveBubbleSort","1.632870452034328","1.632870452034328","[5, 4, 9, 6, 8, 3, 6, 6, 6, 2]","2012083561","10"
"2019-01-27T11:55:10.059","18","RecursiveBubbleSort","1.632870452034328","1.6328694035050946","[5, 4, 9, 6, 8, 3, 6, 6, 6, 2]","2012083561","10"
"2019-01-27T11:55:10.059","19","RecursiveBubbleSort","1.632870452034328","1.632870452034328","[5, 4, 9, 6, 8, 3, 6, 6, 6, 2]","2012083561","10"
"2019-01-27T11:55:10.059","20","RecursiveBubbleSort","1.632870452034328","1.6328703986285191","[5, 4, 9, 6, 8, 3, 6, 6, 6, 2]","2012083561","10"
"2019-01-27T11:55:10.059","21","RecursiveBubbleSort","1.6328676642484226","1.632870452034328","[5, 4, 9, 6, 8, 3, 6, 6, 6, 2]","2012083561","10"
"2019-01-27T11:55:10.059","22","RecursiveBubbleSort","1.632870452034328","1.632870452034328","[5, 4, 9, 6, 8, 3, 6, 6, 6, 2]","2012083561","10"
"2019-01-27T11:55:10.059","23","RecursiveBubbleSort","1.632863125359498","1.6328658416860653","[5, 4, 9, 6, 8, 3, 6, 6, 6, 2]","2012083561","10"
"2019-01-27T11:55:10.059","24","RecursiveBubbleSort","1.632858087826592","1.632870452034328","[5, 4, 9, 6, 8, 3, 6, 6, 6, 2]","2012083561","10"
"2019-01-27T11:55:10.059","25","RecursiveBubbleSort","1.632863591939065","1.632870452034328","[5, 4, 9, 6, 8, 3, 6, 6, 6, 2]","2012083561","10"
"2019-01-27T11:55:10.059","26","RecursiveBubbleSort","1.632870452034328","1.632870452034328","[5, 4, 9, 6, 8, 3, 6, 6, 6, 2]","2012083561","10"
"2019-01-27T11:55:10.059","27","RecursiveBubbleSort","1.6328699697080187","1.6328677176542314","[5, 4, 9, 6, 8, 3, 6, 6, 6, 2]","2012083561","10"
"2019-01-27T11:55:10.059","28","RecursiveBubbleSort","1.632870452034328","1.6328670583660203","[5, 4, 9, 6, 8, 3, 6, 6, 6, 2]","2012083561","10"
"2019-01-27T11:55:10.059","29","RecursiveBubbleSort","1.632870452034328","1.632870452034328","[5, 4, 9, 6, 8, 3, 6, 6, 6, 2]","2012083561","10"
"2019-01-27T16:49:54.284","0","RecursiveBubbleSort","1.6342170921199255","1.634212499825192","[8, 0, 9, 3, 2, 8, 1, 7, 8, 5]","-1385721528","10"
"2019-01-27T16:49:54.509","1","RecursiveBubbleSort","1.6342198265000218","1.6342152161517594","[8, 0, 9, 3, 2, 8, 1, 7, 8, 5]","-1385721528","10"
"2019-01-27T16:49:54.509","2","RecursiveBubbleSort","1.6342198265000218","1.6342198265000218","[8, 0, 9, 3, 2, 8, 1, 7, 8, 5]","-1385721528","10"
"2019-01-27T16:49:54.509","3","RecursiveBubbleSort","1.6342198265000218","1.634218164581895","[8, 0, 9, 3, 2, 8, 1, 7, 8, 5]","-1385721528","10"
"2019-01-27T16:49:54.509","4","RecursiveBubbleSort","1.6342198265000218","1.6342198265000218","[8, 0, 9, 3, 2, 8, 1, 7, 8, 5]","-1385721528","10"
"2019-01-27T16:49:54.509","5","RecursiveBubbleSort","1.6342198265000218","1.6342198265000218","[8, 0, 9, 3, 2, 8, 1, 7, 8, 5]","-1385721528","10"
"2019-01-27T16:49:54.509","6","RecursiveBubbleSort","1.6342198265000218","1.6342198265000218","[8, 0, 9, 3, 2, 8, 1, 7, 8, 5]","-1385721528","10"
"2019-01-27T16:49:54.509","7","RecursiveBubbleSort","1.6342102155984182","1.6342198265000218","[8, 0, 9, 3, 2, 8, 1, 7, 8, 5]","-1385721528","10"
"2019-01-27T16:49:54.509","8","RecursiveBubbleSort","1.6342198265000218","1.6342198265000218","[8, 0, 9, 3, 2, 8, 1, 7, 8, 5]","-1385721528","10"
"2019-01-27T16:49:54.509","9","RecursiveBubbleSort","1.6342164328317144","1.6342198265000218","[8, 0, 9, 3, 2, 8, 1, 7, 8, 5]","-1385721528","10"
"2019-01-27T16:49:54.509","10","RecursiveBubbleSort","1.6342198265000218","1.6342136806086622","[8, 0, 9, 3, 2, 8, 1, 7, 8, 5]","-1385721528","10"
"2019-01-27T16:49:54.511","11","RecursiveBubbleSort","1.6342198265000218","1.6342198265000218","[8, 0, 9, 3, 2, 8, 1, 7, 8, 5]","-1385721528","10"
"2019-01-27T16:49:54.511","12","RecursiveBubbleSort","1.6342176281689782","1.6342170387141164","[8, 0, 9, 3, 2, 8, 1, 7, 8, 5]","-1385721528","10"
"2019-01-27T16:49:54.511","13","RecursiveBubbleSort","1.6342198265000218","1.6342198265000218","[8, 0, 9, 3, 2, 8, 1, 7, 8, 5]","-1385721528","10"
"2019-01-27T16:49:54.511","14","RecursiveBubbleSort","1.6342164862375232","1.6342198265000218","[8, 0, 9, 3, 2, 8, 1, 7, 8, 5]","-1385721528","10"
"2019-01-27T16:49:54.511","15","RecursiveBubbleSort","1.6342192206176198","1.6342197196884038","[8, 0, 9, 3, 2, 8, 1, 7, 8, 5]","-1385721528","10"
"2019-01-27T16:49:54.511","16","RecursiveBubbleSort","1.6342198265000218","1.6342198265000218","[8, 0, 9, 3, 2, 8, 1, 7, 8, 5]","-1385721528","10"
"2019-01-27T16:49:54.511","17","RecursiveBubbleSort","1.6342198265000218","1.6342198265000218","[8, 0, 9, 3, 2, 8, 1, 7, 8, 5]","-1385721528","10"
"2019-01-27T16:49:54.511","18","RecursiveBubbleSort","1.6342198265000218","1.6342187540380526","[8, 0, 9, 3, 2, 8, 1, 7, 8, 5]","-1385721528","10"
"2019-01-27T16:49:54.511","19","RecursiveBubbleSort","1.6342198265000218","1.6342198265000218","[8, 0, 9, 3, 2, 8, 1, 7, 8, 5]","-1385721528","10"
"2019-01-27T16:49:54.511","20","RecursiveBubbleSort","1.6342198265000218","1.6342198265000218","[8, 0, 9, 3, 2, 8, 1, 7, 8, 5]","-1385721528","10"
"2019-01-27T16:49:54.541","21","RecursiveBubbleSort","1.6342192206176198","1.6342198265000218","[8, 0, 9, 3, 2, 8, 1, 7, 8, 5]","-1385721528","10"
"2019-01-27T16:49:54.542","22","RecursiveBubbleSort","1.6342198265000218","1.6342198265000218","[8, 0, 9, 3, 2, 8, 1, 7, 8, 5]","-1385721528","10"
"2019-01-27T16:49:54.542","23","RecursiveBubbleSort","1.6342198265000218","1.6342100296917448","[8, 0, 9, 3, 2, 8, 1, 7, 8, 5]","-1385721528","10"
"2019-01-27T16:49:54.542","24","RecursiveBubbleSort","1.6342175052936838","1.6342198265000218","[8, 0, 9, 3, 2, 8, 1, 7, 8, 5]","-1385721528","10"
"2019-01-27T16:49:54.542","25","RecursiveBubbleSort","1.6342198265000218","1.6342198265000218","[8, 0, 9, 3, 2, 8, 1, 7, 8, 5]","-1385721528","10"
"2019-01-27T16:49:54.542","26","RecursiveBubbleSort","1.6342198265000218","1.6342198265000218","[8, 0, 9, 3, 2, 8, 1, 7, 8, 5]","-1385721528","10"
"2019-01-27T16:49:54.542","27","RecursiveBubbleSort","1.6342198265000218","1.6342198265000218","[8, 0, 9, 3, 2, 8, 1, 7, 8, 5]","-1385721528","10"
"2019-01-27T16:49:54.542","28","RecursiveBubbleSort","1.6342181826354236","1.6342198265000218","[8, 0, 9, 3, 2, 8, 1, 7, 8, 5]","-1385721528","10"
"2019-01-27T16:49:54.542","29","RecursiveBubbleSort","1.6342198265000218","1.6342198265000218","[8, 0, 9, 3, 2, 8, 1, 7, 8, 5]","-1385721528","10"
"2019-01-27T17:35:38.808","0","RecursiveBubbleSort","1.6342956961007697","1.6342856350458435","[6, 2, 7, 3, 0, 0, 2, 6, 7, 1]","-1025719180","10"
"2019-01-27T17:35:38.895","1","RecursiveBubbleSort","1.6342956961007697","1.6342956961007697","[6, 2, 7, 3, 0, 0, 2, 6, 7, 1]","-1025719180","10"
"2019-01-27T17:35:38.895","2","RecursiveBubbleSort","1.6342956961007697","1.6342956961007697","[6, 2, 7, 3, 0, 0, 2, 6, 7, 1]","-1025719180","10"
"2019-01-27T17:35:38.895","3","RecursiveBubbleSort","1.6342922460824512","1.6342956961007697","[6, 2, 7, 3, 0, 0, 2, 6, 7, 1]","-1025719180","10"
"2019-01-27T17:35:38.895","4","RecursiveBubbleSort","1.6342946236388003","1.6342956961007697","[6, 2, 7, 3, 0, 0, 2, 6, 7, 1]","-1025719180","10"
"2019-01-27T17:35:38.895","5","RecursiveBubbleSort","1.6342929083148643","1.6342923558382711","[6, 2, 7, 3, 0, 0, 2, 6, 7, 1]","-1025719180","10"
"2019-01-27T17:35:38.895","6","RecursiveBubbleSort","1.6342935141972665","1.6342956961007697","[6, 2, 7, 3, 0, 0, 2, 6, 7, 1]","-1025719180","10"
"2019-01-27T17:35:38.895","7","RecursiveBubbleSort","1.6342956961007697","1.6342956961007697","[6, 2, 7, 3, 0, 0, 2, 6, 7, 1]","-1025719180","10"
"2019-01-27T17:35:38.895","8","RecursiveBubbleSort","1.6342956961007697","1.6342923024324623","[6, 2, 7, 3, 0, 0, 2, 6, 7, 1]","-1025719180","10"
"2019-01-27T17:35:38.895","9","RecursiveBubbleSort","1.6342856350458435","1.6342956961007697","[6, 2, 7, 3, 0, 0, 2, 6, 7, 1]","-1025719180","10"
"2019-01-27T17:35:38.895","10","RecursiveBubbleSort","1.6342956961007697","1.634291869701962","[6, 2, 7, 3, 0, 0, 2, 6, 7, 1]","-1025719180","10"
"2019-01-27T17:35:38.895","11","RecursiveBubbleSort","1.6342956961007697","1.6342946400650449","[6, 2, 7, 3, 0, 0, 2, 6, 7, 1]","-1025719180","10"
"2019-01-27T17:35:38.895","12","RecursiveBubbleSort","1.6342956961007697","1.6342946475715363","[6, 2, 7, 3, 0, 0, 2, 6, 7, 1]","-1025719180","10"
"2019-01-27T17:35:38.895","13","RecursiveBubbleSort","1.6342956961007697","1.6342956961007697","[6, 2, 7, 3, 0, 0, 2, 6, 7, 1]","-1025719180","10"
"2019-01-27T17:35:38.895","14","RecursiveBubbleSort","1.6342956961007697","1.6342956961007697","[6, 2, 7, 3, 0, 0, 2, 6, 7, 1]","-1025719180","10"
"2019-01-27T17:35:38.895","15","RecursiveBubbleSort","1.6342956961007697","1.6342929617206734","[6, 2, 7, 3, 0, 0, 2, 6, 7, 1]","-1025719180","10"
"2019-01-27T17:35:38.895","16","RecursiveBubbleSort","1.6342956961007697","1.6342934283002406","[6, 2, 7, 3, 0, 0, 2, 6, 7, 1]","-1025719180","10"
"2019-01-27T17:35:38.895","17","RecursiveBubbleSort","1.6342956961007697","1.6342956961007697","[6, 2, 7, 3, 0, 0, 2, 6, 7, 1]","-1025719180","10"
"2019-01-27T17:35:38.895","18","RecursiveBubbleSort","1.6342842880927404","1.6342940177563983","[6, 2, 7, 3, 0, 0, 2, 6, 7, 1]","-1025719180","10"
"2019-01-27T17:35:38.895","19","RecursiveBubbleSort","1.634294218085666","1.6342950902183675","[6, 2, 7, 3, 0, 0, 2, 6, 7, 1]","-1025719180","10"
"2019-01-27T17:35:38.895","20","RecursiveBubbleSort","1.6342956961007697","1.6342940341826426","[6, 2, 7, 3, 0, 0, 2, 6, 7, 1]","-1025719180","10"
"2019-01-27T17:35:38.905","21","RecursiveBubbleSort","1.6342940341826426","1.6342956961007697","[6, 2, 7, 3, 0, 0, 2, 6, 7, 1]","-1025719180","10"
"2019-01-27T17:35:38.905","22","RecursiveBubbleSort","1.6342956961007697","1.6342929083148643","[6, 2, 7, 3, 0, 0, 2, 6, 7, 1]","-1025719180","10"
"2019-01-27T17:35:38.905","23","RecursiveBubbleSort","1.6342956961007697","1.6342950902183675","[6, 2, 7, 3, 0, 0, 2, 6, 7, 1]","-1025719180","10"
"2019-01-27T17:35:38.908","24","RecursiveBubbleSort","1.6342956961007697","1.6342910857525075","[6, 2, 7, 3, 0, 0, 2, 6, 7, 1]","-1025719180","10"
"2019-01-27T17:35:38.908","25","RecursiveBubbleSort","1.6342956961007697","1.6342956961007697","[6, 2, 7, 3, 0, 0, 2, 6, 7, 1]","-1025719180","10"
"2019-01-27T17:35:38.908","26","RecursiveBubbleSort","1.6342956961007697","1.6342956961007697","[6, 2, 7, 3, 0, 0, 2, 6, 7, 1]","-1025719180","10"
"2019-01-27T17:35:38.908","27","RecursiveBubbleSort","1.6342956961007697","1.6342956961007697","[6, 2, 7, 3, 0, 0, 2, 6, 7, 1]","-1025719180","10"
"2019-01-27T17:35:38.908","28","RecursiveBubbleSort","1.6342956961007697","1.6342955892891518","[6, 2, 7, 3, 0, 0, 2, 6, 7, 1]","-1025719180","10"
"2019-01-27T17:35:38.908","29","RecursiveBubbleSort","1.6342940341826426","1.6342956961007697","[6, 2, 7, 3, 0, 0, 2, 6, 7, 1]","-1025719180","10"
"2019-01-27T17:36:25.545","0","RecursiveBubbleSort","1.634226053704231","1.634226053704231","[0, 4, 4, 5, 3, 6, 5, 0, 4, 2]","819950463","10"
"2019-01-27T17:36:25.669","1","RecursiveBubbleSort","1.634226053704231","1.634226053704231","[0, 4, 4, 5, 3, 6, 5, 0, 4, 2]","819950463","10"
"2019-01-27T17:36:25.669","2","RecursiveBubbleSort","1.634226053704231","1.634226053704231","[0, 4, 4, 5, 3, 6, 5, 0, 4, 2]","819950463","10"
"2019-01-27T17:36:25.669","3","RecursiveBubbleSort","1.634226053704231","1.634226053704231","[0, 4, 4, 5, 3, 6, 5, 0, 4, 2]","819950463","10"
"2019-01-27T17:36:25.669","4","RecursiveBubbleSort","1.6342254478218288","1.6342253944160199","[0, 4, 4, 5, 3, 6, 5, 0, 4, 2]","819950463","10"
"2019-01-27T17:36:25.669","5","RecursiveBubbleSort","1.634226053704231","1.6342254478218288","[0, 4, 4, 5, 3, 6, 5, 0, 4, 2]","819950463","10"
"2019-01-27T17:36:25.669","6","RecursiveBubbleSort","1.6342233193241347","1.634226053704231","[0, 4, 4, 5, 3, 6, 5, 0, 4, 2]","819950463","10"
"2019-01-27T17:36:25.669","7","RecursiveBubbleSort","1.634226053704231","1.634226053704231","[0, 4, 4, 5, 3, 6, 5, 0, 4, 2]","819950463","10"
"2019-01-27T17:36:25.675","8","RecursiveBubbleSort","1.634226053704231","1.6342253410102108","[0, 4, 4, 5, 3, 6, 5, 0, 4, 2]","819950463","10"
"2019-01-27T17:36:25.675","9","RecursiveBubbleSort","1.634226053704231","1.634226053704231","[0, 4, 4, 5, 3, 6, 5, 0, 4, 2]","819950463","10"
"2019-01-27T17:36:25.675","10","RecursiveBubbleSort","1.634226053704231","1.634226053704231","[0, 4, 4, 5, 3, 6, 5, 0, 4, 2]","819950463","10"
"2019-01-27T17:36:25.675","11","RecursiveBubbleSort","1.634226053704231","1.634226053704231","[0, 4, 4, 5, 3, 6, 5, 0, 4, 2]","819950463","10"
"2019-01-27T17:36:25.675","12","RecursiveBubbleSort","1.634226053704231","1.6342254478218288","[0, 4, 4, 5, 3, 6, 5, 0, 4, 2]","819950463","10"
"2019-01-27T17:36:25.675","13","RecursiveBubbleSort","1.634226053704231","1.634226053704231","[0, 4, 4, 5, 3, 6, 5, 0, 4, 2]","819950463","10"
"2019-01-27T17:36:25.675","14","RecursiveBubbleSort","1.634226053704231","1.634226053704231","[0, 4, 4, 5, 3, 6, 5, 0, 4, 2]","819950463","10"
"2019-01-27T17:36:25.675","15","RecursiveBubbleSort","1.634226053704231","1.6342254992377856","[0, 4, 4, 5, 3, 6, 5, 0, 4, 2]","819950463","10"
"2019-01-27T17:36:25.675","16","RecursiveBubbleSort","1.634226053704231","1.634226000298422","[0, 4, 4, 5, 3, 6, 5, 0, 4, 2]","819950463","10"
"2019-01-27T17:36:25.679","17","RecursiveBubbleSort","1.634226053704231","1.634226053704231","[0, 4, 4, 5, 3, 6, 5, 0, 4, 2]","819950463","10"
"2019-01-27T17:36:25.685","18","RecursiveBubbleSort","1.634226053704231","1.634226053704231","[0, 4, 4, 5, 3, 6, 5, 0, 4, 2]","819950463","10"
"2019-01-27T17:36:25.685","19","RecursiveBubbleSort","1.634226053704231","1.634226053704231","[0, 4, 4, 5, 3, 6, 5, 0, 4, 2]","819950463","10"
"2019-01-27T17:36:25.685","20","RecursiveBubbleSort","1.634226053704231","1.634226053704231","[0, 4, 4, 5, 3, 6, 5, 0, 4, 2]","819950463","10"
"2019-01-27T17:36:25.685","21","RecursiveBubbleSort","1.634226053704231","1.634226053704231","[0, 4, 4, 5, 3, 6, 5, 0, 4, 2]","819950463","10"
"2019-01-27T17:36:25.685","22","RecursiveBubbleSort","1.634226053704231","1.634226053704231","[0, 4, 4, 5, 3, 6, 5, 0, 4, 2]","819950463","10"
"2019-01-27T17:36:25.685","23","RecursiveBubbleSort","1.634226053704231","1.634226053704231","[0, 4, 4, 5, 3, 6, 5, 0, 4, 2]","819950463","10"
"2019-01-27T17:36:25.685","24","RecursiveBubbleSort","1.634226053704231","1.634226053704231","[0, 4, 4, 5, 3, 6, 5, 0, 4, 2]","819950463","10"
"2019-01-27T17:36:25.685","25","RecursiveBubbleSort","1.634226053704231","1.634226053704231","[0, 4, 4, 5, 3, 6, 5, 0, 4, 2]","819950463","10"
"2019-01-27T17:36:25.685","26","RecursiveBubbleSort","1.634226053704231","1.634226053704231","[0, 4, 4, 5, 3, 6, 5, 0, 4, 2]","819950463","10"
"2019-01-27T17:36:25.685","27","RecursiveBubbleSort","1.634226053704231","1.634224384428443","[0, 4, 4, 5, 3, 6, 5, 0, 4, 2]","819950463","10"
"2019-01-27T17:36:25.695","28","RecursiveBubbleSort","1.634226053704231","1.634226053704231","[0, 4, 4, 5, 3, 6, 5, 0, 4, 2]","819950463","10"
"2019-01-27T17:36:25.695","29","RecursiveBubbleSort","1.634226053704231","1.634226053704231","[0, 4, 4, 5, 3, 6, 5, 0, 4, 2]","819950463","10"
"2019-01-27T19:28:36.422","0","RecursiveBubbleSort","1.6342728493859615","1.6342728493859615","[9, 5, 7, 9, 0, 0, 7, 3, 7, 6]","2145693631","10"
"2019-01-27T19:28:36.532","1","RecursiveBubbleSort","1.6342728493859615","1.6342728493859615","[9, 5, 7, 9, 0, 0, 7, 3, 7, 6]","2145693631","10"
"2019-01-27T19:28:36.532","2","RecursiveBubbleSort","1.6342728493859615","1.6342728493859615","[9, 5, 7, 9, 0, 0, 7, 3, 7, 6]","2145693631","10"
"2019-01-27T19:28:36.532","3","RecursiveBubbleSort","1.6342728493859615","1.6342728493859615","[9, 5, 7, 9, 0, 0, 7, 3, 7, 6]","2145693631","10"
"2019-01-27T19:28:36.532","4","RecursiveBubbleSort","1.6342728493859615","1.6342728493859615","[9, 5, 7, 9, 0, 0, 7, 3, 7, 6]","2145693631","10"
"2019-01-27T19:28:36.532","5","RecursiveBubbleSort","1.6342728493859615","1.6342728493859615","[9, 5, 7, 9, 0, 0, 7, 3, 7, 6]","2145693631","10"
"2019-01-27T19:28:36.532","6","RecursiveBubbleSort","1.6342728493859615","1.6342701150058652","[9, 5, 7, 9, 0, 0, 7, 3, 7, 6]","2145693631","10"
"2019-01-27T19:28:36.532","7","RecursiveBubbleSort","1.6342728493859615","1.6342711874678344","[9, 5, 7, 9, 0, 0, 7, 3, 7, 6]","2145693631","10"
"2019-01-27T19:28:36.532","8","RecursiveBubbleSort","1.6342728493859615","1.6342728493859615","[9, 5, 7, 9, 0, 0, 7, 3, 7, 6]","2145693631","10"
"2019-01-27T19:28:36.532","9","RecursiveBubbleSort","1.6342728493859615","1.6342728493859615","[9, 5, 7, 9, 0, 0, 7, 3, 7, 6]","2145693631","10"
"2019-01-27T19:28:36.532","10","RecursiveBubbleSort","1.6342728493859615","1.6342728493859615","[9, 5, 7, 9, 0, 0, 7, 3, 7, 6]","2145693631","10"
"2019-01-27T19:28:36.532","11","RecursiveBubbleSort","1.6342728493859615","1.6342728493859615","[9, 5, 7, 9, 0, 0, 7, 3, 7, 6]","2145693631","10"
"2019-01-27T19:28:36.532","12","RecursiveBubbleSort","1.6342728493859615","1.6342728493859615","[9, 5, 7, 9, 0, 0, 7, 3, 7, 6]","2145693631","10"
"2019-01-27T19:28:36.532","13","RecursiveBubbleSort","1.6342728493859615","1.6342728493859615","[9, 5, 7, 9, 0, 0, 7, 3, 7, 6]","2145693631","10"
"2019-01-27T19:28:36.532","14","RecursiveBubbleSort","1.6342728493859615","1.6342728493859615","[9, 5, 7, 9, 0, 0, 7, 3, 7, 6]","2145693631","10"
"2019-01-27T19:28:36.532","15","RecursiveBubbleSort","1.6342728493859615","1.6342728493859615","[9, 5, 7, 9, 0, 0, 7, 3, 7, 6]","2145693631","10"
"2019-01-27T19:28:36.532","16","RecursiveBubbleSort","1.6342728493859615","1.6342728493859615","[9, 5, 7, 9, 0, 0, 7, 3, 7, 6]","2145693631","10"
"2019-01-27T19:28:36.532","17","RecursiveBubbleSort","1.6342728493859615","1.6342728493859615","[9, 5, 7, 9, 0, 0, 7, 3, 7, 6]","2145693631","10"
"2019-01-27T19:28:36.532","18","RecursiveBubbleSort","1.6342728493859615","1.6342728493859615","[9, 5, 7, 9, 0, 0, 7, 3, 7, 6]","2145693631","10"
"2019-01-27T19:28:36.532","19","RecursiveBubbleSort","1.6342728493859615","1.6342728493859615","[9, 5, 7, 9, 0, 0, 7, 3, 7, 6]","2145693631","10"
"2019-01-27T19:28:36.532","20","RecursiveBubbleSort","1.6342728493859615","1.6342728493859615","[9, 5, 7, 9, 0, 0, 7, 3, 7, 6]","2145693631","10"
"2019-01-27T19:28:36.550","21","RecursiveBubbleSort","1.6342728493859615","1.6342728493859615","[9, 5, 7, 9, 0, 0, 7, 3, 7, 6]","2145693631","10"
"2019-01-27T19:28:36.550","22","RecursiveBubbleSort","1.6342728493859615","1.6342728493859615","[9, 5, 7, 9, 0, 0, 7, 3, 7, 6]","2145693631","10"
"2019-01-27T19:28:36.550","23","RecursiveBubbleSort","1.6342728493859615","1.6342728493859615","[9, 5, 7, 9, 0, 0, 7, 3, 7, 6]","2145693631","10"
"2019-01-27T19:28:36.550","24","RecursiveBubbleSort","1.6342728493859615","1.6342728493859615","[9, 5, 7, 9, 0, 0, 7, 3, 7, 6]","2145693631","10"
"2019-01-27T19:28:36.550","25","RecursiveBubbleSort","1.6342728493859615","1.6342728493859615","[9, 5, 7, 9, 0, 0, 7, 3, 7, 6]","2145693631","10"
"2019-01-27T19:28:36.550","26","RecursiveBubbleSort","1.6342728493859615","1.6342728493859615","[9, 5, 7, 9, 0, 0, 7, 3, 7, 6]","2145693631","10"
"2019-01-27T19:28:36.550","27","RecursiveBubbleSort","1.6342728493859615","1.6342728493859615","[9, 5, 7, 9, 0, 0, 7, 3, 7, 6]","2145693631","10"
"2019-01-27T19:28:36.550","28","RecursiveBubbleSort","1.6342728493859615","1.6342728493859615","[9, 5, 7, 9, 0, 0, 7, 3, 7, 6]","2145693631","10"
"2019-01-27T19:28:36.550","29","RecursiveBubbleSort","1.6342728493859615","1.6342728493859615","[9, 5, 7, 9, 0, 0, 7, 3, 7, 6]","2145693631","10"
